local_id,tot,totDP,totVAP,totVAPDP,Htot,HtotDP,NHtot,NHtotDP,HVAP,HVAPDP,NHVAP,NHVAPDP,whi_alo,whi_aloDP,bla_alo,bla_aloDP,nat_alo,nat_aloDP,asi_alo,asi_aloDP,pci_alo,pci_aloDP,sor_alo,sor_aloDP,2mo,2moDP,NHwhi_alo,NHwhi_aloDP,NHbla_alo,NHbla_aloDP,NHnat_alo,NHnat_aloDP,NHasi_alo,NHasi_aloDP,NHpci_alo,NHpci_aloDP,NHsor_alo,NHsor_aloDP,NH2mo,NH2moDP,whi_alo_VAP,WVAP_aloDP,bla_alo_VAP,BVAP_aloDP,nat_alo_VAP,natVAP_aloDP,asi_alo_VAP,AVAP_aloDP,pci_alo_VAP,pciVAP_aloDP,sor_alo_VAP,sorVAP_aloDP,2mo_VAP,2moVAPDP,NHwhi_alo_VAP,NHWVAP_aloDP,NHbla_alo_VAP,NHBVAP_aloDP,NHnat_alo_VAP,NHnatVAP_aloDP,NHasi_alo_VAP,NHAVAP_aloDP,NHpci_alo_VAP,NHpciVAP_aloDP,NHsor_alo_VAP,NHsorVAP_aloDP,NH2mo_VAP,NH2moVAPDP
1,2618,2652,1590,1631,60,77,2558,2575,26,45,1564,1586,69,74,0,1,2534,2521,0,7,0,0,0,5,15,44,69,74,0,0,2474,2458,0,4,0,0,0,1,15,38,60,64,0,1,1521,1534,0,3,0,0,0,1,9,28,60,64,0,0,1495,1498,0,2,0,0,0,0,9,22
2,2805,2803,1626,1624,50,39,2755,2764,25,17,1601,1607,47,48,0,0,2729,2728,1,0,0,0,4,5,24,22,45,48,0,0,2690,2696,1,0,0,0,0,0,19,20,39,38,0,0,1571,1563,1,0,0,0,4,4,11,19,37,38,0,0,1553,1551,1,0,0,0,0,0,10,18
3,2687,2657,1689,1664,84,79,2603,2578,42,36,1647,1628,113,107,2,0,2523,2499,9,0,0,0,4,8,36,43,110,106,2,0,2449,2434,9,0,0,0,0,0,33,38,101,105,2,0,1549,1525,8,0,0,0,4,7,25,27,100,104,2,0,1513,1498,8,0,0,0,0,0,24,26
4,2684,2678,1690,1678,32,54,2652,2624,26,33,1664,1645,80,64,2,2,2562,2562,4,3,1,0,3,7,32,40,77,64,2,2,2541,2538,4,1,1,0,0,0,27,19,75,63,2,1,1587,1583,2,2,1,0,3,6,20,23,72,63,2,1,1570,1567,2,0,1,0,0,0,17,14
5,2792,2805,1649,1653,72,79,2720,2726,42,48,1607,1605,88,66,0,3,2688,2710,0,0,1,0,5,3,10,23,80,64,0,3,2630,2643,0,0,1,0,0,0,9,16,83,63,0,3,1554,1571,0,0,1,0,5,3,6,13,76,61,0,3,1525,1531,0,0,1,0,0,0,5,10
