local_id,tot,totDP,totVAP,totVAPDP,Htot,HtotDP,NHtot,NHtotDP,HVAP,HVAPDP,NHVAP,NHVAPDP,whi_alo,whi_aloDP,bla_alo,bla_aloDP,nat_alo,nat_aloDP,asi_alo,asi_aloDP,pci_alo,pci_aloDP,sor_alo,sor_aloDP,2mo,2moDP,NHwhi_alo,NHwhi_aloDP,NHbla_alo,NHbla_aloDP,NHnat_alo,NHnat_aloDP,NHasi_alo,NHasi_aloDP,NHpci_alo,NHpci_aloDP,NHsor_alo,NHsor_aloDP,NH2mo,NH2moDP,whi_alo_VAP,WVAP_aloDP,bla_alo_VAP,BVAP_aloDP,nat_alo_VAP,natVAP_aloDP,asi_alo_VAP,AVAP_aloDP,pci_alo_VAP,pciVAP_aloDP,sor_alo_VAP,sorVAP_aloDP,2mo_VAP,2moVAPDP,NHwhi_alo_VAP,NHWVAP_aloDP,NHbla_alo_VAP,NHBVAP_aloDP,NHnat_alo_VAP,NHnatVAP_aloDP,NHasi_alo_VAP,NHAVAP_aloDP,NHpci_alo_VAP,NHpciVAP_aloDP,NHsor_alo_VAP,NHsorVAP_aloDP,NH2mo_VAP,NH2moVAPDP
1,2016,2001,1270,1279,45,48,1971,1953,21,21,1249,1258,477,441,3,0,1449,1484,10,9,0,1,5,3,72,63,473,434,3,0,1421,1453,10,8,0,0,0,0,64,58,395,382,2,0,819,840,5,8,0,1,4,3,45,45,393,378,2,0,808,829,5,8,0,0,0,0,41,43
2,1900,1889,1116,1107,38,22,1862,1867,18,11,1098,1096,188,192,4,3,1657,1657,7,3,0,0,3,2,41,32,186,192,4,3,1632,1639,7,3,0,0,0,0,33,30,165,161,4,3,912,916,5,3,0,0,3,2,27,22,164,161,4,3,902,908,5,3,0,0,0,0,23,21
3,1925,1926,1149,1146,79,90,1846,1836,38,43,1111,1103,82,78,3,3,1814,1808,1,0,0,0,4,4,21,33,82,78,3,3,1745,1728,1,0,0,0,0,1,15,26,74,76,3,3,1057,1048,1,0,0,0,3,4,11,15,74,76,3,3,1024,1010,1,0,0,0,0,1,9,13
4,1914,1931,1095,1124,29,37,1885,1894,9,18,1086,1106,59,84,1,2,1833,1804,0,3,0,0,7,8,14,30,59,79,1,2,1810,1782,0,3,0,0,1,1,14,27,51,72,1,2,1032,1018,0,3,0,0,2,5,9,24,51,67,1,2,1024,1010,0,3,0,0,1,1,9,23
5,1857,1859,1125,1105,36,30,1821,1829,16,8,1109,1097,115,111,5,2,1715,1715,0,0,0,0,1,4,21,27,113,111,5,2,1689,1696,0,0,0,0,0,0,14,20,96,90,3,2,1012,1003,0,0,0,0,1,1,13,9,94,90,3,2,1002,998,0,0,0,0,0,0,10,7
